Tacgia,Link,Namsinh,Quote
Albert Einstein,https://quotes.toscrape.com/author/Albert-Einstein/,"March 14, 1879",The world as we have created it is a process of our thinking. It cannot be changed without changing our thinking.
J.K. Rowling,https://quotes.toscrape.com/author/J-K-Rowling/,"July 31, 1965","It is our choices, Harry, that show what we truly are, far more than our abilities."
Albert Einstein,https://quotes.toscrape.com/author/Albert-Einstein/,"March 14, 1879",There are only two ways to live your life. One is as though nothing is a miracle. The other is as though everything is a miracle.
Jane Austen,https://quotes.toscrape.com/author/Jane-Austen/,"December 16, 1775","The person, be it gentleman or lady, who has not pleasure in a good novel, must be intolerably stupid."
Marilyn Monroe,https://quotes.toscrape.com/author/Marilyn-Monroe/,"June 01, 1926","Imperfection is beauty, madness is genius and it's better to be absolutely ridiculous than absolutely boring."
Albert Einstein,https://quotes.toscrape.com/author/Albert-Einstein/,"March 14, 1879",Try not to become a man of success. Rather become a man of value.
André Gide,https://quotes.toscrape.com/author/Andre-Gide/,"November 22, 1869",It is better to be hated for what you are than to be loved for what you are not.
Thomas A. Edison,https://quotes.toscrape.com/author/Thomas-A-Edison/,"February 11, 1847","I have not failed. I've just found 10,000 ways that won't work."
Eleanor Roosevelt,https://quotes.toscrape.com/author/Eleanor-Roosevelt/,"October 11, 1884",A woman is like a tea bag; you never know how strong it is until it's in hot water.
Steve Martin,https://quotes.toscrape.com/author/Steve-Martin/,"August 14, 1945","A day without sunshine is like, you know, night."
Marilyn Monroe,https://quotes.toscrape.com/author/Marilyn-Monroe/,"June 01, 1926","This life is what you make it. No matter what, you're going to mess up sometimes, it's a universal truth. But the good part is you get to decide how you're going to mess it up. Girls will be your friends - they'll act like it anyway. But just remember, some come, some go. The ones that stay with you through everything - they're your true best friends. Don't let go of them. Also remember, sisters make the best friends in the world. As for lovers, well, they'll come and go too. And baby, I hate to say it, most of them - actually pretty much all of them are going to break your heart, but you can't give up because if you give up, you'll never find your soulmate. You'll never find that half who makes you whole and that goes for everything. Just because you fail once, doesn't mean you're gonna fail at everything. Keep trying, hold on, and always, always, always believe in yourself, because if you don't, then who will, sweetie? So keep your head high, keep your chin up, and most importantly, keep smiling, because life's a beautiful thing and there's so much to smile about."
J.K. Rowling,https://quotes.toscrape.com/author/J-K-Rowling/,"July 31, 1965","It takes a great deal of bravery to stand up to our enemies, but just as much to stand up to our friends."
Albert Einstein,https://quotes.toscrape.com/author/Albert-Einstein/,"March 14, 1879","If you can't explain it to a six year old, you don't understand it yourself."
Bob Marley,https://quotes.toscrape.com/author/Bob-Marley/,"February 06, 1945","You may not be her first, her last, or her only. She loved before she may love again. But if she loves you now, what else matters? She's not perfect—you aren't either, and the two of you may never be perfect together but if she can make you laugh, cause you to think twice, and admit to being human and making mistakes, hold onto her and give her the most you can. She may not be thinking about you every second of the day, but she will give you a part of her that she knows you can break—her heart. So don't hurt her, don't change her, don't analyze and don't expect more than she can give. Smile when she makes you happy, let her know when she makes you mad, and miss her when she's not there."
Dr. Seuss,https://quotes.toscrape.com/author/Dr-Seuss/,"March 02, 1904","I like nonsense, it wakes up the brain cells. Fantasy is a necessary ingredient in living."
Douglas Adams,https://quotes.toscrape.com/author/Douglas-Adams/,"March 11, 1952","I may not have gone where I intended to go, but I think I have ended up where I needed to be."
Elie Wiesel,https://quotes.toscrape.com/author/Elie-Wiesel/,"September 30, 1928","The opposite of love is not hate, it's indifference. The opposite of art is not ugliness, it's indifference. The opposite of faith is not heresy, it's indifference. And the opposite of life is not death, it's indifference."
Friedrich Nietzsche,https://quotes.toscrape.com/author/Friedrich-Nietzsche/,"October 15, 1844","It is not a lack of love, but a lack of friendship that makes unhappy marriages."
Mark Twain,https://quotes.toscrape.com/author/Mark-Twain/,"November 30, 1835","Good friends, good books, and a sleepy conscience: this is the ideal life."
Allen Saunders,https://quotes.toscrape.com/author/Allen-Saunders/,"April 24, 1899",Life is what happens to us while we are making other plans.
Pablo Neruda,https://quotes.toscrape.com/author/Pablo-Neruda/,"July 12, 1904","I love you without knowing how, or when, or from where. I love you simply, without problems or pride: I love you in this way because I do not know any other way of loving but this, in which there is no I or you, so intimate that your hand upon my chest is my hand, so intimate that when I fall asleep your eyes close."
Ralph Waldo Emerson,https://quotes.toscrape.com/author/Ralph-Waldo-Emerson/,"May 25, 1803",For every minute you are angry you lose sixty seconds of happiness.
Mother Teresa,https://quotes.toscrape.com/author/Mother-Teresa/,"August 26, 1910","If you judge people, you have no time to love them."
Garrison Keillor,https://quotes.toscrape.com/author/Garrison-Keillor/,"August 07, 1942",Anyone who thinks sitting in church can make you a Christian must also think that sitting in a garage can make you a car.
Jim Henson,https://quotes.toscrape.com/author/Jim-Henson/,"September 24, 1936",Beauty is in the eye of the beholder and it may be necessary from time to time to give a stupid or misinformed beholder a black eye.
Dr. Seuss,https://quotes.toscrape.com/author/Dr-Seuss/,"March 02, 1904","Today you are You, that is truer than true. There is no one alive who is Youer than You."
Albert Einstein,https://quotes.toscrape.com/author/Albert-Einstein/,"March 14, 1879","If you want your children to be intelligent, read them fairy tales. If you want them to be more intelligent, read them more fairy tales."
J.K. Rowling,https://quotes.toscrape.com/author/J-K-Rowling/,"July 31, 1965","It is impossible to live without failing at something, unless you live so cautiously that you might as well not have lived at all - in which case, you fail by default."
Albert Einstein,https://quotes.toscrape.com/author/Albert-Einstein/,"March 14, 1879",Logic will get you from A to Z; imagination will get you everywhere.
Bob Marley,https://quotes.toscrape.com/author/Bob-Marley/,"February 06, 1945","One good thing about music, when it hits you, you feel no pain."
Dr. Seuss,https://quotes.toscrape.com/author/Dr-Seuss/,"March 02, 1904","The more that you read, the more things you will know. The more that you learn, the more places you'll go."
J.K. Rowling,https://quotes.toscrape.com/author/J-K-Rowling/,"July 31, 1965","Of course it is happening inside your head, Harry, but why on earth should that mean that it is not real?"
Bob Marley,https://quotes.toscrape.com/author/Bob-Marley/,"February 06, 1945","The truth is, everyone is going to hurt you. You just got to find the ones worth suffering for."
Mother Teresa,https://quotes.toscrape.com/author/Mother-Teresa/,"August 26, 1910",Not all of us can do great things. But we can do small things with great love.
J.K. Rowling,https://quotes.toscrape.com/author/J-K-Rowling/,"July 31, 1965","To the well-organized mind, death is but the next great adventure."
Charles M. Schulz,https://quotes.toscrape.com/author/Charles-M-Schulz/,"November 26, 1922",All you need is love. But a little chocolate now and then doesn't hurt.
William Nicholson,https://quotes.toscrape.com/author/William-Nicholson/,"January 12, 1948",We read to know we're not alone.
Albert Einstein,https://quotes.toscrape.com/author/Albert-Einstein/,"March 14, 1879",Any fool can know. The point is to understand.
Jorge Luis Borges,https://quotes.toscrape.com/author/Jorge-Luis-Borges/,"August 24, 1899",I have always imagined that Paradise will be a kind of library.
George Eliot,https://quotes.toscrape.com/author/George-Eliot/,"November 22, 1819",It is never too late to be what you might have been.
George R.R. Martin,https://quotes.toscrape.com/author/George-R-R-Martin/,"September 20, 1948","A reader lives a thousand lives before he dies, said Jojen. The man who never reads lives only one."
C.S. Lewis,https://quotes.toscrape.com/author/C-S-Lewis/,"November 29, 1898",You can never get a cup of tea large enough or a book long enough to suit me.
Marilyn Monroe,https://quotes.toscrape.com/author/Marilyn-Monroe/,"June 01, 1926",You believe lies so you eventually learn to trust no one but yourself.
Marilyn Monroe,https://quotes.toscrape.com/author/Marilyn-Monroe/,"June 01, 1926","If you can make a woman laugh, you can make her do anything."
Albert Einstein,https://quotes.toscrape.com/author/Albert-Einstein/,"March 14, 1879","Life is like riding a bicycle. To keep your balance, you must keep moving."
Marilyn Monroe,https://quotes.toscrape.com/author/Marilyn-Monroe/,"June 01, 1926",The real lover is the man who can thrill you by kissing your forehead or smiling into your eyes or just staring into space.
Marilyn Monroe,https://quotes.toscrape.com/author/Marilyn-Monroe/,"June 01, 1926","A wise girl kisses but doesn't love, listens but doesn't believe, and leaves before she is left."
Martin Luther King Jr.,https://quotes.toscrape.com/author/Martin-Luther-King-Jr/,"January 15, 1929",Only in the darkness can you see the stars.
J.K. Rowling,https://quotes.toscrape.com/author/J-K-Rowling/,"July 31, 1965","It matters not what someone is born, but what they grow to be."
James Baldwin,https://quotes.toscrape.com/author/James-Baldwin/,"August 02, 1924","Love does not begin and end the way we seem to think it does. Love is a battle, love is a war; love is a growing up."
Jane Austen,https://quotes.toscrape.com/author/Jane-Austen/,"December 16, 1775","There is nothing I would not do for those who are really my friends. I have no notion of loving people by halves, it is not my nature."
Eleanor Roosevelt,https://quotes.toscrape.com/author/Eleanor-Roosevelt/,"October 11, 1884",Do one thing every day that scares you.
Marilyn Monroe,https://quotes.toscrape.com/author/Marilyn-Monroe/,"June 01, 1926","I am good, but not an angel. I do sin, but I am not the devil. I am just a small girl in a big world trying to find someone to love."
Albert Einstein,https://quotes.toscrape.com/author/Albert-Einstein/,"March 14, 1879","If I were not a physicist, I would probably be a musician. I often think in music. I live my daydreams in music. I see my life in terms of music."
Haruki Murakami,https://quotes.toscrape.com/author/Haruki-Murakami/,"January 12, 1949","If you only read the books that everyone else is reading, you can only think what everyone else is thinking."
Alexandre Dumas fils,https://quotes.toscrape.com/author/Alexandre-Dumas-fils/,"July 27, 1824",The difference between genius and stupidity is: genius has its limits.
Stephenie Meyer,https://quotes.toscrape.com/author/Stephenie-Meyer/,"December 24, 1973","He's like a drug for you, Bella."
Ernest Hemingway,https://quotes.toscrape.com/author/Ernest-Hemingway/,"July 21, 1899",There is no friend as loyal as a book.
Helen Keller,https://quotes.toscrape.com/author/Helen-Keller/,"June 27, 1880","When one door of happiness closes, another opens; but often we look so long at the closed door that we do not see the one which has been opened for us."
George Bernard Shaw,https://quotes.toscrape.com/author/George-Bernard-Shaw/,"July 26, 1856",Life isn't about finding yourself. Life is about creating yourself.
