-1.410803556442260742e+00,-1.410803556442260742e+00,-1.405338168144226074e+00,-1.371357560157775879e+00,-1.397225856781005859e+00,-1.309972167015075684e+00,-1.021075606346130371e+00,-8.711040616035461426e-01,-7.970833778381347656e-01,-4.548566937446594238e-01,-3.207522630691528320e-01,-1.741012036800384521e-01,5.750602111220359802e-02,6.526990532875061035e-01,9.425497651100158691e-01,8.465306758880615234e-01,6.530125141143798828e-01,6.756367683410644531e-01,9.360334277153015137e-01,8.194266557693481445e-01,5.342361330986022949e-01,5.270500779151916504e-01,5.053868293762207031e-01,5.338374376296997070e-01,6.114392280578613281e-01,8.513496518135070801e-01,8.190920948982238770e-01,5.541085004806518555e-01,5.809995532035827637e-01,5.947775244712829590e-01,5.256606340408325195e-01,4.925406575202941895e-01,3.774636685848236084e-01,1.521914750337600708e-01,-8.312290906906127930e-02,-4.486460685729980469e-01,-8.853903412818908691e-01,-1.016714096069335938e+00,-1.058426141738891602e+00,-9.832613468170166016e-01,-9.928929805755615234e-01,-1.156149625778198242e+00,-1.200885415077209473e+00,-8.289353847503662109e-01,2.743851840496063232e-01,8.685321807861328125e-01,1.239781379699707031e+00,1.794841885566711426e+00,2.042287588119506836e+00,1.918218851089477539e+00,1.373391151428222656e+00,7.597174048423767090e-01,6.493237018585205078e-01,3.082951903343200684e-01,-8.786506950855255127e-03,-7.036154717206954956e-02,-1.818186491727828979e-01,1.169599406421184540e-02,5.734745264053344727e-01,1.380758881568908691e+00,1.745506405830383301e+00,1.739226102828979492e+00,1.641190409660339355e+00,1.573780894279479980e+00,1.485413312911987305e+00,1.372018933296203613e+00,1.285188198089599609e+00,1.176816463470458984e+00,1.053092956542968750e+00,7.291686534881591797e-01,3.852620720863342285e-01,2.829881906509399414e-01,4.676792025566101074e-02,-3.792201280593872070e-01,-8.115726113319396973e-01,-9.741664528846740723e-01,-1.011512637138366699e+00,-1.031344890594482422e+00,-9.861374497413635254e-01,-8.685591816902160645e-01,1.545293331146240234e-01,9.586349129676818848e-01,1.079282402992248535e+00,8.346480727195739746e-01,3.461332619190216064e-01,-1.916639655828475952e-01,-5.006301403045654297e-01,-7.661396861076354980e-01,-9.794743657112121582e-01,-2.419626563787460327e-01,7.585737705230712891e-01,1.167486310005187988e+00,1.167853355407714844e+00,1.059942603111267090e+00,1.004108548164367676e+00,9.279477596282958984e-01,7.504646778106689453e-01,3.058353364467620850e-01,-2.233133912086486816e-01,3.243182599544525146e-01,9.873296618461608887e-01,1.247764229774475098e+00,1.296013236045837402e+00,1.210730552673339844e+00,1.063576340675354004e+00,9.646424055099487305e-01,7.506312131881713867e-01,7.026553750038146973e-01,1.073657631874084473e+00,1.277613997459411621e+00,1.272736430168151855e+00,1.133734107017517090e+00,9.095012545585632324e-01,6.055457592010498047e-01,1.188995540142059326e-01,-4.235569834709167480e-01,-7.546159625053405762e-01,-8.132136464118957520e-01,-8.316669464111328125e-01,-8.392986059188842773e-01,-8.688020706176757812e-01,-9.587478637695312500e-01,-1.072162032127380371e+00,-1.166288495063781738e+00,-1.244938015937805176e+00,-1.311081886291503906e+00,-1.337478876113891602e+00,-1.357181429862976074e+00,-1.354811787605285645e+00,-1.367171287536621094e+00,-1.380619883537292480e+00,-1.375284671783447266e+00,-1.373548984527587891e+00,-1.378405809402465820e+00,-1.377254247665405273e+00,-1.379795908927917480e+00,-1.379107117652893066e+00,-1.379066109657287598e+00,-1.383165121078491211e+00,-1.395578622817993164e+00,-1.391291379928588867e+00,-1.391588330268859863e+00,-1.212704420089721680e+00,-6.412864327430725098e-01,-4.034955501556396484e-01,-4.908823966979980469e-01,-6.842762231826782227e-01,-8.655148744583129883e-01
-1.432885646820068359e+00,-1.432885646820068359e+00,-1.448253154754638672e+00,-1.462797403335571289e+00,-1.392128705978393555e+00,-1.267929196357727051e+00,-1.054617643356323242e+00,-7.608292698860168457e-01,-6.592859625816345215e-01,-7.994034290313720703e-01,-6.352505087852478027e-01,-4.710408449172973633e-01,-5.578162670135498047e-01,-2.072875648736953735e-01,-6.604322046041488647e-02,-2.585021853446960449e-01,-5.200717449188232422e-01,-5.835239291191101074e-01,-4.807569980621337891e-01,-4.242552220821380615e-01,-3.565100133419036865e-01,-3.266108036041259766e-01,-2.926889955997467041e-01,-2.110514044761657715e-01,-1.591672301292419434e-01,-1.218911707401275635e-01,-5.668259412050247192e-02,-2.197284996509552002e-02,-2.421025335788726807e-01,-2.220047861337661743e-01,-1.469512283802032471e-01,-6.690891832113265991e-02,-7.341457903385162354e-02,7.942602038383483887e-03,1.848143041133880615e-01,2.607288956642150879e-02,-3.714338243007659912e-01,-5.880498886108398438e-01,-6.662586927413940430e-01,-5.676285028457641602e-01,-6.066978573799133301e-01,-7.868599891662597656e-01,-8.289099335670471191e-01,-8.199094533920288086e-01,-1.394598126411437988e+00,-1.977517604827880859e+00,-1.986819028854370117e+00,-1.229588985443115234e+00,-7.531923055648803711e-01,-4.589771628379821777e-01,-3.026838898658752441e-01,-4.221164807677268982e-02,3.973307609558105469e-01,7.512092590332031250e-01,7.382834553718566895e-01,8.169826865196228027e-01,9.129641652107238770e-01,5.551166534423828125e-01,-2.139589563012123108e-02,-4.283597469329833984e-01,2.392329648137092590e-02,5.648554563522338867e-01,8.318366408348083496e-01,7.930459976196289062e-01,9.110250473022460938e-01,9.686016440391540527e-01,1.094287753105163574e+00,1.131551623344421387e+00,1.248370051383972168e+00,1.372947454452514648e+00,1.292798161506652832e+00,1.168098926544189453e+00,9.157013893127441406e-01,3.502360582351684570e-01,-2.178816199302673340e-01,-4.628617167472839355e-01,-5.628099441528320312e-01,-6.377242803573608398e-01,-4.320122301578521729e-01,1.222925540059804916e-02,1.066293954849243164e+00,1.274234294891357422e+00,1.317937970161437988e+00,1.355868697166442871e+00,1.264908194541931152e+00,7.162894606590270996e-01,2.964543700218200684e-01,4.738427698612213135e-02,-5.348231196403503418e-01,8.426543474197387695e-01,1.529376268386840820e+00,1.611209630966186523e+00,1.397574186325073242e+00,1.221967697143554688e+00,1.255548954010009766e+00,1.307503104209899902e+00,1.454176306724548340e+00,1.449526548385620117e+00,9.717191457748413086e-01,1.211082935333251953e+00,1.460511803627014160e+00,1.511889219284057617e+00,1.327391505241394043e+00,1.454963684082031250e+00,1.677309155464172363e+00,1.535051465034484863e+00,1.424423098564147949e+00,1.555581450462341309e+00,1.760192513465881348e+00,1.679723978042602539e+00,1.507204294204711914e+00,1.480645418167114258e+00,1.598331928253173828e+00,1.630528807640075684e+00,1.431348204612731934e+00,6.557123064994812012e-01,-6.299274414777755737e-02,-2.062707990407943726e-01,-2.291332334280014038e-01,-2.258568108081817627e-01,-2.896549701690673828e-01,-3.911215960979461670e-01,-5.978246331214904785e-01,-8.157416582107543945e-01,-1.001047849655151367e+00,-1.156245231628417969e+00,-1.221886396408081055e+00,-1.278649687767028809e+00,-1.280050635337829590e+00,-1.312694430351257324e+00,-1.343304038047790527e+00,-1.327249288558959961e+00,-1.326377391815185547e+00,-1.344209551811218262e+00,-1.336871981620788574e+00,-1.343738198280334473e+00,-1.347580552101135254e+00,-1.346955299377441406e+00,-1.354415535926818848e+00,-1.389710426330566406e+00,-1.378974080085754395e+00,-1.381066083908081055e+00,-9.874771237373352051e-01,1.117647439241409302e-02,1.883621066808700562e-01,9.146180748939514160e-02,-1.185552179813385010e-01,-3.553612828254699707e-01
-3.551335632801055908e-01,-3.551335632801055908e-01,-3.307107090950012207e-01,-2.290218919515609741e-01,-2.441574931144714355e-01,-1.627121865749359131e-01,-7.533425092697143555e-01,-6.949017047882080078e-01,-3.062107563018798828e-01,-8.091954588890075684e-01,-7.044748663902282715e-01,-4.280950725078582764e-01,-2.774053812026977539e-01,-8.891851902008056641e-01,-9.188656210899353027e-01,-3.851847052574157715e-01,-2.948743402957916260e-01,-9.351237416267395020e-01,-1.700054764747619629e+00,-1.424343109130859375e+00,-7.749511599540710449e-01,-5.519085526466369629e-01,-4.598135352134704590e-01,-4.389965236186981201e-01,-6.653222441673278809e-01,-1.038830637931823730e+00,-9.962028861045837402e-01,-7.659577727317810059e-01,-5.666021704673767090e-01,-5.145558714866638184e-01,-5.665044784545898438e-01,-4.217625558376312256e-01,-1.554059237241744995e-01,-9.332487359642982483e-03,1.384820342063903809e-01,9.827163070440292358e-02,7.680767774581909180e-01,7.987620234489440918e-01,4.160369336605072021e-01,3.369502127170562744e-01,3.932851850986480713e-01,7.558124065399169922e-01,8.786354064941406250e-01,8.061517477035522461e-01,9.003021121025085449e-01,1.079847097396850586e+00,2.168076992034912109e+00,2.241865634918212891e+00,1.256616830825805664e+00,8.216283917427062988e-01,8.202210068702697754e-01,1.186868071556091309e+00,1.459259152412414551e+00,1.548452854156494141e+00,1.833717226982116699e+00,1.497370839118957520e+00,1.928361058235168457e+00,1.439001083374023438e+00,-2.639442086219787598e-01,-9.447713494300842285e-01,-1.892914474010467529e-01,-5.777661800384521484e-01,-1.612653851509094238e+00,-2.254637718200683594e+00,-2.524599552154541016e+00,-2.743899583816528320e+00,-2.528479576110839844e+00,-2.159588575363159180e+00,-1.766858100891113281e+00,-6.221953034400939941e-01,8.859133720397949219e-01,1.055215477943420410e+00,9.734708070755004883e-01,1.147612214088439941e+00,6.222549080848693848e-01,3.396282792091369629e-01,2.060038298368453979e-01,7.351429760456085205e-02,6.898756623268127441e-01,2.009945631027221680e+00,8.092007637023925781e-01,3.775267899036407471e-01,2.640564441680908203e-01,7.034806013107299805e-01,1.293868780136108398e+00,2.251427173614501953e+00,2.565248250961303711e+00,1.510552048683166504e+00,1.625038683414459229e-01,4.042019248008728027e-01,1.061175093054771423e-01,-3.649611175060272217e-01,-6.053501367568969727e-01,-3.497967720031738281e-01,-5.044173598289489746e-01,-5.668992400169372559e-01,-3.298582136631011963e-01,5.068078041076660156e-01,1.472132682800292969e+00,9.103448390960693359e-01,-3.933687806129455566e-01,-8.477621674537658691e-01,-1.048363208770751953e+00,-8.271826505661010742e-01,-2.718095183372497559e-01,1.767616868019104004e-01,1.188454747200012207e+00,9.220821261405944824e-01,-8.805993795394897461e-01,-1.488937139511108398e+00,-1.846626639366149902e+00,-1.921669840812683105e+00,-1.033853650093078613e+00,6.663646697998046875e-01,1.938049435615539551e+00,1.702733516693115234e+00,5.579729080200195312e-01,3.181275725364685059e-01,3.942702412605285645e-01,4.638965427875518799e-01,4.226207435131072998e-01,6.246945858001708984e-01,5.857534408569335938e-01,4.013334810733795166e-01,2.061247229576110840e-01,1.105186790227890015e-01,4.045410826802253723e-02,-6.216108426451683044e-02,-1.193504631519317627e-01,-1.654452681541442871e-01,-1.699112355709075928e-01,-1.342107355594635010e-01,-1.641964912414550781e-01,-2.225444465875625610e-01,-1.776148676872253418e-01,-1.827160120010375977e-01,-2.277989387512207031e-01,-2.274355292320251465e-01,-2.140888273715972900e-01,-2.780978679656982422e-01,-2.647773027420043945e-01,-2.796910703182220459e-01,-2.668755352497100830e-01,-4.996182024478912354e-01,-8.360902070999145508e-01,-6.701902747154235840e-01,-4.977580308914184570e-01,-3.781816959381103516e-01
-6.800580024719238281e-01,-6.800580024719238281e-01,-6.820167899131774902e-01,-4.983346164226531982e-01,-5.655238032341003418e-01,6.482901517301797867e-03,8.408752083778381348e-01,6.346646547317504883e-01,6.369811296463012695e-01,1.311115145683288574e+00,1.150293827056884766e+00,1.042832374572753906e+00,7.591981291770935059e-01,7.822979688644409180e-01,6.315681338310241699e-01,4.282364249229431152e-01,5.387456417083740234e-01,6.681337952613830566e-01,6.673749685287475586e-01,7.173274755477905273e-01,5.968890786170959473e-01,6.477236151695251465e-01,5.115292668342590332e-01,4.112498164176940918e-01,2.010693997144699097e-01,-3.407079353928565979e-02,-3.602599026635289192e-03,-1.556652039289474487e-01,1.991396211087703705e-02,-1.327785849571228027e-01,-3.805954754352569580e-01,-1.632468998432159424e-01,-9.104947745800018311e-02,-4.122700989246368408e-01,-4.271868169307708740e-01,-2.086168676614761353e-01,1.566146034747362137e-03,2.675943076610565186e-01,6.956377625465393066e-02,3.312371969223022461e-01,5.839109420776367188e-01,4.824221432209014893e-01,4.048954248428344727e-01,1.667617917060852051e+00,2.295550584793090820e+00,2.160897970199584961e+00,2.031621217727661133e+00,1.536607503890991211e+00,1.689935207366943359e+00,2.100553274154663086e+00,2.405382156372070312e+00,2.570683479309082031e+00,3.086441278457641602e+00,2.290789604187011719e+00,8.863013386726379395e-01,7.332543134689331055e-01,1.078423976898193359e+00,9.748092293739318848e-01,7.317213416099548340e-01,6.916891336441040039e-01,1.627087116241455078e+00,1.492765188217163086e+00,1.070534825325012207e+00,8.591337203979492188e-01,6.024963259696960449e-01,5.365804433822631836e-01,1.115645542740821838e-01,-4.591300785541534424e-01,-5.555021166801452637e-01,-6.272018551826477051e-01,6.981553137302398682e-02,5.159132480621337891e-01,1.086708068847656250e+00,1.609160661697387695e+00,2.784909605979919434e-01,-6.705334186553955078e-01,-7.755962610244750977e-01,-7.686585187911987305e-01,-2.467243224382400513e-01,7.946512103080749512e-01,-4.087994694709777832e-01,-9.853240251541137695e-01,-1.159100890159606934e+00,-1.240178704261779785e+00,-6.174834966659545898e-01,7.033305764198303223e-01,1.341125488281250000e+00,7.361538410186767578e-01,-4.187729954719543457e-01,-1.194138169288635254e+00,-8.960833549499511719e-01,-4.332012236118316650e-01,-2.741084694862365723e-01,-3.188618123531341553e-01,-3.105649650096893311e-01,-9.945218265056610107e-02,-8.248370885848999023e-02,7.572358846664428711e-02,6.789764761924743652e-01,7.948916405439376831e-02,-8.509075641632080078e-01,-1.135522603988647461e+00,-1.523294687271118164e+00,-1.951679706573486328e+00,-2.045756578445434570e+00,-1.386110663414001465e+00,-5.453718304634094238e-01,-5.940374135971069336e-01,-1.105186223983764648e+00,-1.051797509193420410e+00,-9.645572304725646973e-01,-1.257266521453857422e+00,-1.573939204216003418e+00,-1.109028577804565430e+00,-4.336115419864654541e-01,3.639679253101348877e-01,-5.005283653736114502e-02,-3.597557544708251953e-01,-3.389088213443756104e-01,-3.215307593345642090e-01,-2.812482416629791260e-01,-3.214278817176818848e-01,-4.222083091735839844e-01,-4.441474676132202148e-01,-5.651556849479675293e-01,-4.316778481006622314e-01,-4.400947391986846924e-01,-4.837526679039001465e-01,-5.918989777565002441e-01,-6.128099560737609863e-01,-5.466341376304626465e-01,-5.146803259849548340e-01,-5.888901948928833008e-01,-6.549995541572570801e-01,-5.714652538299560547e-01,-5.507526993751525879e-01,-6.286036372184753418e-01,-6.410602331161499023e-01,-5.990747809410095215e-01,-6.379142999649047852e-01,-6.278375387191772461e-01,-6.588564515113830566e-01,-1.419071197509765625e+00,-2.195775747299194336e+00,-1.991320133209228516e+00,-1.792731046676635742e+00,-1.618015050888061523e+00,-1.824246764183044434e+00
2.552015185356140137e-01,2.552015185356140137e-01,2.318687289953231812e-01,2.303639203310012817e-01,3.616574406623840332e-01,7.999158501625061035e-01,1.307099819183349609e+00,1.064759731292724609e+00,1.220155581831932068e-01,-5.887768864631652832e-01,-2.095834910869598389e-01,1.498475819826126099e-01,-2.393648475408554077e-01,-2.010483145713806152e-01,-6.501688063144683838e-02,-1.215816289186477661e-02,-1.444314718246459961e-01,2.744554281234741211e-01,1.785205602645874023e-01,3.274288475513458252e-01,7.089838981628417969e-01,6.270880699157714844e-01,5.950497388839721680e-01,5.942558646202087402e-01,4.576139748096466064e-01,2.647176384925842285e-01,3.664343059062957764e-01,4.398253858089447021e-01,4.302595853805541992e-01,4.852540791034698486e-01,4.562616646289825439e-01,4.057983160018920898e-01,4.004180133342742920e-01,2.528173625469207764e-01,4.060854613780975342e-01,1.153007388114929199e+00,1.189065575599670410e+00,1.239588856697082520e+00,1.136918425559997559e+00,1.945583581924438477e+00,2.140578746795654297e+00,1.487879037857055664e+00,1.210126876831054688e+00,8.176510334014892578e-01,9.644521474838256836e-01,7.535920143127441406e-01,-9.699719399213790894e-02,-5.282001495361328125e-01,-2.574604153633117676e-01,3.349281102418899536e-02,5.228284001350402832e-01,1.125777006149291992e+00,1.364751338958740234e+00,1.108369946479797363e+00,6.004527211189270020e-01,4.188950061798095703e-01,3.478765785694122314e-01,7.343935370445251465e-01,1.155761405825614929e-01,-4.389142096042633057e-01,1.216705664992332458e-01,2.763760983943939209e-01,-1.156111732125282288e-01,-1.489398330450057983e-01,-1.175543963909149170e-01,-2.144050896167755127e-01,-4.102603495121002197e-01,-6.761933565139770508e-01,-1.176034331321716309e+00,-1.486568689346313477e+00,-1.583639979362487793e+00,-9.102384448051452637e-01,2.818533778190612793e-01,1.027820587158203125e+00,9.115125536918640137e-01,3.135884702205657959e-01,1.626521497964859009e-01,1.431462764739990234e-01,7.131386399269104004e-01,1.271281242370605469e+00,-1.545521169900894165e-01,-7.206733226776123047e-01,-1.109627008438110352e+00,-9.629591703414916992e-01,-1.644240021705627441e-01,1.222870826721191406e+00,1.604631304740905762e+00,1.509917974472045898e+00,7.551141977310180664e-01,8.278734683990478516e-01,-1.331683397293090820e+00,-2.342724800109863281e+00,-2.605967283248901367e+00,-2.481348514556884766e+00,-2.078501224517822266e+00,-1.668704867362976074e+00,-9.126006960868835449e-01,2.125443071126937866e-01,1.824907779693603516e+00,-3.802702128887176514e-01,-1.259451508522033691e+00,-1.592205047607421875e+00,-1.804866671562194824e+00,-1.899057984352111816e+00,-2.158736467361450195e+00,-2.116099119186401367e+00,-1.571663260459899902e+00,-1.623468399047851562e+00,-1.558851718902587891e+00,-1.854493141174316406e+00,-1.938778042793273926e+00,-2.118171691894531250e+00,-2.312747478485107422e+00,-2.271828889846801758e+00,-1.244176149368286133e+00,6.730912327766418457e-01,1.126906514167785645e+00,7.680426239967346191e-01,6.353265643119812012e-01,5.691438913345336914e-01,6.650065183639526367e-01,5.846830010414123535e-01,4.502216279506683350e-01,4.062609672546386719e-01,2.420103847980499268e-01,3.971688449382781982e-01,3.748644292354583740e-01,3.920535445213317871e-01,2.868858575820922852e-01,2.565948665142059326e-01,3.334259092807769775e-01,3.609554767608642578e-01,2.593023777008056641e-01,2.125171720981597900e-01,3.210721015930175781e-01,3.686187565326690674e-01,2.900920212268829346e-01,2.573973536491394043e-01,3.005848824977874756e-01,2.734539508819580078e-01,2.993994057178497314e-01,2.588222324848175049e-01,-3.618088662624359131e-01,-8.178489804267883301e-01,-1.006197810173034668e+00,-6.831824183464050293e-01,-2.605457305908203125e-01,-4.152463972568511963e-01
-6.038914322853088379e-01,-6.038914322853088379e-01,-5.515242218971252441e-01,-3.523110747337341309e-01,-4.764182567596435547e-01,-6.150400638580322266e-01,-1.131802797317504883e+00,-1.251984357833862305e+00,-1.111341476440429688e+00,-9.972975254058837891e-01,-5.309050083160400391e-01,-3.426721990108489990e-01,1.211737394332885742e-01,-5.135540664196014404e-02,-2.379207611083984375e-01,-2.261347919702529907e-01,-4.649651944637298584e-01,-5.298762321472167969e-01,-5.658169388771057129e-01,-6.778712868690490723e-01,-8.833391666412353516e-01,-7.561970353126525879e-01,-5.682058334350585938e-01,-6.371717453002929688e-01,-6.823886036872863770e-01,-8.665056824684143066e-01,-8.546520471572875977e-01,-5.729904174804687500e-01,-4.474791884422302246e-01,-3.284368216991424561e-01,-4.570618644356727600e-02,-6.677541881799697876e-02,-3.353371024131774902e-01,-5.679842829704284668e-01,-6.221811100840568542e-02,1.016378879547119141e+00,1.115509033203125000e+00,6.043490171432495117e-01,-3.340447321534156799e-02,9.995163083076477051e-01,1.259729743003845215e+00,5.244402885437011719e-01,3.832565844058990479e-01,2.634987235069274902e-01,6.172364950180053711e-01,7.799579501152038574e-01,-6.266843527555465698e-02,-5.171862244606018066e-01,-9.410182833671569824e-01,-9.196302890777587891e-01,-5.851120352745056152e-01,-1.028558492660522461e+00,-1.624026179313659668e+00,-1.629603266716003418e+00,-1.044493556022644043e+00,-1.203458666801452637e+00,-1.172787189483642578e+00,-3.653950989246368408e-01,3.089170753955841064e-01,-3.494652509689331055e-01,-6.369917392730712891e-01,-5.820012688636779785e-01,-1.342616230249404907e-01,3.700280189514160156e-01,5.843837857246398926e-01,1.074528098106384277e+00,1.440805912017822266e+00,1.394185900688171387e+00,7.073615789413452148e-01,-7.083619385957717896e-02,-1.269496798515319824e+00,-1.552153587341308594e+00,-1.427819013595581055e+00,-8.729686737060546875e-01,-4.462955296039581299e-01,-5.670595765113830566e-01,-5.760484933853149414e-01,-6.977973580360412598e-01,2.301642112433910370e-02,6.414158344268798828e-01,-8.524054661393165588e-03,1.427201271057128906e+00,2.728889703750610352e+00,3.083847045898437500e+00,2.339096307754516602e+00,1.235387086868286133e+00,1.057838678359985352e+00,3.992831707000732422e-01,-4.682309031486511230e-01,1.117876544594764709e-01,2.035256862640380859e+00,2.159552574157714844e+00,2.086435794830322266e+00,2.471754074096679688e+00,2.283579111099243164e+00,1.664090514183044434e+00,1.007681608200073242e+00,2.218967378139495850e-01,7.049208283424377441e-01,3.332656621932983398e-01,1.188712120056152344e+00,1.596740722656250000e+00,1.975783705711364746e+00,2.263463497161865234e+00,2.462673187255859375e+00,2.105329751968383789e+00,1.272300362586975098e+00,9.351339340209960938e-01,6.217857003211975098e-01,9.629855155944824219e-01,1.062030196189880371e+00,7.608720660209655762e-01,2.735906541347503662e-01,-8.792485594749450684e-01,-1.996196150779724121e+00,-8.729620575904846191e-01,-1.924128830432891846e-01,-4.848867654800415039e-01,-6.331650614738464355e-01,-7.739720344543457031e-01,-6.861292719841003418e-01,-5.040136575698852539e-01,-3.871313035488128662e-01,-4.008976817131042480e-01,-4.942388832569122314e-01,-4.163238108158111572e-01,-4.808898568153381348e-01,-4.217026531696319580e-01,-4.901572167873382568e-01,-5.719954371452331543e-01,-5.376833081245422363e-01,-5.093383193016052246e-01,-6.317569613456726074e-01,-6.425544619560241699e-01,-5.088376998901367188e-01,-4.437484443187713623e-01,-5.170438885688781738e-01,-5.676613450050354004e-01,-5.361042022705078125e-01,-5.837451219558715820e-01,-5.225709080696105957e-01,-5.637705922126770020e-01,-4.117381572723388672e-01,-2.771992385387420654e-01,-3.896033763885498047e-01,-1.791445910930633545e-01,-3.211488723754882812e-01,-4.471835196018218994e-01
1.812639385461807251e-01,1.812639385461807251e-01,1.067899689078330994e-01,1.070191189646720886e-01,3.080054819583892822e-01,5.508542656898498535e-01,4.563429057598114014e-01,6.503503918647766113e-01,1.278399109840393066e+00,1.210998177528381348e+00,1.045203566551208496e+00,6.830671429634094238e-01,4.853498637676239014e-01,-8.075385540723800659e-02,-4.114304184913635254e-01,-5.781976580619812012e-01,-6.381768584251403809e-01,-7.542798519134521484e-01,-7.718268632888793945e-01,-5.657497048377990723e-01,-2.649312615394592285e-01,7.725735753774642944e-02,8.854178711771965027e-03,-2.239975780248641968e-01,-2.146479487419128418e-02,-4.650197923183441162e-02,2.927928976714611053e-02,2.443352341651916504e-01,7.118058204650878906e-01,8.414275050163269043e-01,6.486218571662902832e-01,7.159855961799621582e-01,8.066709041595458984e-01,1.561456680297851562e+00,2.415073156356811523e+00,2.453456640243530273e+00,1.861365199089050293e+00,1.074911952018737793e+00,1.047815605998039246e-01,3.899870216846466064e-01,5.662285685539245605e-01,7.148001194000244141e-01,1.171496033668518066e+00,2.165583670139312744e-01,5.658739209175109863e-01,1.238489508628845215e+00,5.028795599937438965e-01,-1.219305470585823059e-01,-4.360638260841369629e-01,-6.163607835769653320e-01,-4.902270138263702393e-01,-1.564096570014953613e+00,-2.845989704132080078e+00,-1.902172088623046875e+00,-2.090628296136856079e-01,6.226831581443548203e-03,1.105573698878288269e-01,4.254401028156280518e-01,4.060257375240325928e-01,-4.580780267715454102e-01,-1.003353714942932129e+00,-2.260715961456298828e+00,-3.217234611511230469e+00,-2.778331518173217773e+00,-2.277784109115600586e+00,-1.901703476905822754e+00,-1.686987996101379395e+00,-9.733441472053527832e-01,-7.313994318246841431e-02,8.900701999664306641e-01,8.556500673294067383e-01,9.594016671180725098e-01,9.618113040924072266e-01,1.005643963813781738e+00,7.271450757980346680e-01,3.730624616146087646e-01,5.105807781219482422e-01,4.152752459049224854e-01,9.754250645637512207e-01,1.538100361824035645e+00,6.420400738716125488e-01,-3.496341407299041748e-01,-1.627412319183349609e+00,-2.588452577590942383e+00,-1.993861556053161621e+00,-9.667108654975891113e-01,-4.447871744632720947e-01,6.016909480094909668e-01,-8.805793523788452148e-02,-2.157087326049804688e+00,-1.295238971710205078e+00,-9.127969741821289062e-01,-6.795482039451599121e-01,-3.437447845935821533e-01,-3.575596213340759277e-01,-3.136745989322662354e-01,-2.647722065448760986e-01,-1.534861922264099121e-01,-2.715183198451995850e-01,-6.039476990699768066e-01,-9.122790694236755371e-01,-1.178745865821838379e+00,-1.549606919288635254e+00,-1.452331185340881348e+00,-1.343499422073364258e+00,-1.070253014564514160e+00,-8.635725378990173340e-01,-1.864275038242340088e-01,-6.278835535049438477e-01,-5.810724496841430664e-01,-7.982078194618225098e-02,6.100958585739135742e-01,8.316618204116821289e-01,2.093736380338668823e-01,-4.409472644329071045e-01,-3.462174534797668457e-01,3.613904118537902832e-01,2.060519903898239136e-01,7.413632422685623169e-02,1.524163782596588135e-01,1.618374437093734741e-01,1.278622895479202271e-01,2.438533306121826172e-01,3.389965295791625977e-01,4.462225139141082764e-01,4.162875711917877197e-01,3.945748507976531982e-01,4.529978036880493164e-01,4.564255475997924805e-01,3.217586278915405273e-01,2.715879678726196289e-01,2.907389998435974121e-01,1.950670480728149414e-01,2.383301705121994019e-01,3.505106568336486816e-01,3.856461048126220703e-01,3.228271603584289551e-01,2.922873497009277344e-01,3.066561818122863770e-01,2.186685055494308472e-01,3.073882758617401123e-01,2.942877709865570068e-01,1.277002215385437012e+00,1.898764491081237793e+00,1.857313156127929688e+00,1.708114147186279297e+00,9.853269457817077637e-01,6.417260169982910156e-01
-1.813955903053283691e-01,-1.813955903053283691e-01,-1.122073680162429810e-01,1.232809424400329590e-01,-5.556152015924453735e-02,5.642668604850769043e-01,8.361697793006896973e-01,1.107673764228820801e+00,7.884278893470764160e-01,4.869945347309112549e-01,1.698089987039566040e-01,1.487594544887542725e-01,3.671667724847793579e-02,-7.718232460319995880e-03,7.023373246192932129e-02,-4.045543074607849121e-01,-4.561840295791625977e-01,-8.713428676128387451e-02,-3.395783305168151855e-01,-1.310528665781021118e-01,5.012364387512207031e-01,8.916674852371215820e-01,7.423320412635803223e-01,6.040334105491638184e-01,5.967246890068054199e-01,2.572572231292724609e-01,2.960327267646789551e-01,4.585486948490142822e-01,6.736311912536621094e-01,6.863667964935302734e-01,7.636488676071166992e-01,5.433918237686157227e-01,6.155469417572021484e-01,1.085835456848144531e+00,1.125249266624450684e+00,6.955950856208801270e-01,8.811756968498229980e-01,5.867652893066406250e-01,7.652705162763595581e-02,4.309517517685890198e-02,-1.367233395576477051e-01,2.957917451858520508e-01,8.177928924560546875e-01,4.423729479312896729e-01,7.405310869216918945e-02,8.272653818130493164e-01,7.321518659591674805e-01,9.799323976039886475e-03,-2.994674071669578552e-02,-1.167925521731376648e-01,-1.037852000445127487e-02,1.028741359710693359e+00,1.262224793434143066e+00,2.180867671966552734e+00,2.138572692871093750e+00,9.343609809875488281e-01,1.385166030377149582e-02,5.999457463622093201e-02,1.870038956403732300e-01,-7.446301579475402832e-01,-6.076369881629943848e-01,-5.129979252815246582e-01,-4.933983087539672852e-01,-3.968752026557922363e-01,-1.171316020190715790e-02,1.125033050775527954e-01,4.958767890930175781e-01,1.060876965522766113e+00,1.327017903327941895e+00,1.103633403778076172e+00,7.262415885925292969e-01,9.166577458381652832e-01,6.879481673240661621e-01,2.442482560873031616e-01,3.020467758178710938e-01,2.801314592361450195e-01,1.306705772876739502e-01,1.046870052814483643e-01,4.970538914203643799e-01,7.464913725852966309e-01,-3.411335349082946777e-01,-1.157811880111694336e+00,-1.638181567192077637e+00,-1.988348603248596191e+00,-1.852073073387145996e+00,-2.161240018904209137e-02,2.029618173837661743e-01,-1.068880185484886169e-01,-4.530064389109611511e-02,-3.209399461746215820e+00,-3.141571283340454102e+00,-3.013039350509643555e+00,-2.671569347381591797e+00,-2.075871467590332031e+00,-1.921044349670410156e+00,-2.524076700210571289e+00,-2.714394569396972656e+00,-2.528400659561157227e+00,-2.098430633544921875e+00,-1.628841519355773926e+00,-1.712064862251281738e+00,-1.262891888618469238e+00,-9.757502079010009766e-01,-8.686432838439941406e-01,-9.804433584213256836e-01,-1.101414203643798828e+00,-1.184734582901000977e+00,-9.268235564231872559e-01,-1.271627098321914673e-01,9.215205311775207520e-01,1.684405922889709473e+00,1.463506817817687988e+00,1.220661878585815430e+00,1.737900614738464355e+00,1.655988454818725586e+00,2.929999232292175293e-01,2.364851683378219604e-01,3.114038333296775818e-02,-1.479855179786682129e-01,3.382043540477752686e-01,3.519327342510223389e-01,-1.569012925028800964e-02,-1.054875031113624573e-01,-2.246215008199214935e-02,6.644696742296218872e-02,-2.463851124048233032e-02,1.110529005527496338e-01,1.137088239192962646e-01,1.520657390356063843e-01,3.812849894165992737e-02,-4.646996036171913147e-02,-5.441563948988914490e-02,-7.248867303133010864e-02,-4.641343373805284500e-03,2.282453142106533051e-02,-1.417831145226955414e-02,-7.197593152523040771e-02,-3.791041299700737000e-02,-2.967226691544055939e-02,-1.348041594028472900e-01,-6.070949882268905640e-02,-3.337846696376800537e-02,7.592964172363281250e-01,1.008500218391418457e+00,1.128263950347900391e+00,8.197234869003295898e-01,-3.066496253013610840e-01,-5.362915396690368652e-01
-2.642576992511749268e-01,-2.642576992511749268e-01,-3.489629030227661133e-01,-2.889882326126098633e-01,-7.531116157770156860e-02,-2.870503664016723633e-01,1.089964359998703003e-01,3.101210892200469971e-01,9.640682339668273926e-01,3.070833384990692139e-01,-2.952671051025390625e-01,-9.589093327522277832e-01,-4.057004749774932861e-01,-1.116724014282226562e+00,-6.027497649192810059e-01,5.813906788825988770e-01,9.661995172500610352e-01,9.081192016601562500e-01,6.165593266487121582e-01,5.968814492225646973e-01,-5.008522793650627136e-02,1.419636607170104980e-01,3.442317619919776917e-02,4.138925373554229736e-01,6.501270830631256104e-02,-9.085485339164733887e-01,-7.933224439620971680e-01,-4.166111946105957031e-01,-2.715389728546142578e-01,-5.672020912170410156e-01,-1.165993511676788330e-01,-4.463487863540649414e-01,-5.481749176979064941e-01,1.549229174852371216e-01,4.084502458572387695e-01,-2.023250013589859009e-01,1.025197505950927734e+00,1.725621223449707031e+00,1.876689672470092773e+00,2.824145555496215820e+00,2.423931837081909180e+00,1.656333684921264648e+00,1.454766035079956055e+00,2.024796485900878906e+00,1.500570893287658691e+00,9.116826057434082031e-01,1.207735300064086914e+00,1.110081002116203308e-01,-7.043183445930480957e-01,-8.159550428390502930e-01,-7.496357560157775879e-01,1.186830759048461914e+00,2.083624839782714844e+00,2.131892919540405273e+00,1.088852286338806152e+00,1.967543244361877441e+00,1.718294739723205566e+00,-1.632484942674636841e-01,1.370496302843093872e-01,-7.863016128540039062e-01,-7.940702438354492188e-01,-2.737727463245391846e-01,3.351399302482604980e-01,1.457966327667236328e+00,1.156283378601074219e+00,8.005468249320983887e-01,-3.584496676921844482e-01,-1.537157058715820312e+00,-8.304836153984069824e-01,4.627629369497299194e-02,-1.806394755840301514e-01,-2.301597595214843750e+00,-2.125038623809814453e+00,-7.241865992546081543e-01,-1.615682691335678101e-01,1.999727636575698853e-01,-1.663211435079574585e-01,-2.097117900848388672e-01,4.755997955799102783e-01,6.635757684707641602e-01,-1.830092430114746094e+00,-1.796332955360412598e+00,-9.861576557159423828e-01,6.039207577705383301e-01,1.235839128494262695e+00,-1.351413726806640625e+00,-2.475771188735961914e+00,4.836730957031250000e-01,9.358707070350646973e-01,-1.965607523918151855e+00,-9.920344948768615723e-01,-1.265179395675659180e+00,-8.749715685844421387e-01,-6.968674659729003906e-01,-9.033173322677612305e-01,-2.619435787200927734e-01,5.752855539321899414e-01,1.277254700660705566e+00,-1.262124896049499512e+00,1.671508401632308960e-01,-1.625071465969085693e-01,-4.042778313159942627e-01,4.800093919038772583e-02,3.967052102088928223e-01,-1.019850075244903564e-01,-1.465738773345947266e+00,-3.509114503860473633e+00,-2.657215118408203125e+00,-1.285034418106079102e+00,-5.264960527420043945e-01,-3.672195225954055786e-02,2.417147755622863770e-01,2.800659835338592529e-01,7.261651158332824707e-01,1.482755422592163086e+00,7.810261845588684082e-01,4.079692661762237549e-01,-1.158674955368041992e-01,-1.669714450836181641e-01,3.232632577419281006e-01,5.172862410545349121e-01,4.195922240614891052e-02,1.174289658665657043e-01,1.147414967417716980e-01,-2.391733229160308838e-02,-1.824563443660736084e-01,3.196534216403961182e-01,1.956117302179336548e-01,1.962740123271942139e-01,1.383718550205230713e-01,8.084786683320999146e-02,-2.286557108163833618e-03,1.056136712431907654e-01,1.803970187902450562e-01,4.642333835363388062e-02,-1.137477308511734009e-01,-2.138701975345611572e-01,-4.003959894180297852e-02,-3.260378912091255188e-02,-1.922334283590316772e-01,-1.169251278042793274e-01,-3.462820500135421753e-02,-2.587739229202270508e-01,-5.444026365876197815e-02,3.424844741821289062e-01,9.046985954046249390e-02,-1.288312196731567383e+00,-1.464866876602172852e+00
6.060641631484031677e-02,6.060641631484031677e-02,7.567080855369567871e-02,8.474104106426239014e-02,2.098868340253829956e-01,-2.362339049577713013e-01,2.967263460159301758e-01,2.165105789899826050e-01,2.359362840652465820e-01,-2.530719637870788574e-01,-3.805295825004577637e-01,2.762094438076019287e-01,1.887257248163223267e-01,-6.598768830299377441e-01,-6.229987740516662598e-01,-7.687649130821228027e-01,-1.136428236961364746e+00,-1.761863380670547485e-01,7.935095578432083130e-03,8.616565167903900146e-02,2.216371446847915649e-01,2.626380324363708496e-01,-2.323074191808700562e-01,9.685124456882476807e-02,4.649048447608947754e-01,4.081927537918090820e-01,-3.499073535203933716e-02,-3.497504293918609619e-01,-2.320536971092224121e-01,9.313233196735382080e-02,8.231382966041564941e-01,3.974367976188659668e-01,6.142394542694091797e-01,1.309115409851074219e+00,1.093418002128601074e+00,-5.433017015457153320e-01,-2.681742608547210693e-01,1.139693379402160645e+00,1.094215989112854004e+00,1.646116018295288086e+00,1.474572181701660156e+00,1.268710255622863770e+00,8.116988539695739746e-01,-7.272879481315612793e-01,-9.839628636837005615e-02,-7.376589179039001465e-01,-6.435634493827819824e-01,-1.243366003036499023e+00,-2.285933017730712891e+00,-2.568515062332153320e+00,-2.343728065490722656e+00,-1.905875325202941895e+00,-8.466628789901733398e-01,-2.507567882537841797e+00,-4.304083347320556641e+00,-3.125205993652343750e+00,-1.203149676322937012e+00,-1.654515117406845093e-01,1.411188602447509766e+00,5.972547531127929688e-01,-6.782298684120178223e-01,-1.445725202560424805e+00,-1.338075757026672363e+00,8.433266729116439819e-02,3.622897863388061523e-01,1.574906557798385620e-01,1.034704521298408508e-01,-5.021387338638305664e-01,-8.185522556304931641e-01,-6.086044311523437500e-01,7.513528224080801010e-03,5.446585416793823242e-01,1.212034821510314941e+00,8.774485588073730469e-01,-3.703818023204803467e-01,-3.984181284904479980e-01,-3.199794888496398926e-02,-5.933288112282752991e-02,5.072401165962219238e-01,-3.762248158454895020e-01,-1.223204970359802246e+00,-9.074554443359375000e-01,2.429880760610103607e-02,3.623618781566619873e-01,5.582200884819030762e-01,9.793590754270553589e-02,-7.277065515518188477e-01,3.542595207691192627e-01,7.454078197479248047e-01,1.809532642364501953e+00,1.501887589693069458e-01,3.863783478736877441e-01,7.925710678100585938e-01,5.386101603507995605e-01,1.015062451362609863e+00,2.429758787155151367e+00,3.018670558929443359e+00,3.421957015991210938e+00,1.308765411376953125e+00,2.479507923126220703e-01,4.433758556842803955e-01,1.077635526657104492e+00,1.503969788551330566e+00,1.409543275833129883e+00,1.925887912511825562e-01,3.467650115489959717e-01,7.768962383270263672e-01,-4.746541678905487061e-01,-3.287031352519989014e-01,-1.954615563154220581e-01,-1.347755670547485352e+00,-1.748726248741149902e+00,-6.746265888214111328e-01,2.560790479183197021e-01,6.305704116821289062e-01,5.752250552177429199e-01,2.757640182971954346e-01,7.698545604944229126e-02,1.467570811510086060e-01,-3.123826086521148682e-01,5.089290812611579895e-02,-8.537875115871429443e-02,1.847625821828842163e-01,1.502732783555984497e-01,9.177826344966888428e-02,7.640133798122406006e-02,5.003641843795776367e-01,3.095903694629669189e-01,1.866806745529174805e-01,3.021049201488494873e-01,4.211702942848205566e-01,2.877828180789947510e-01,4.556640684604644775e-01,4.066250622272491455e-01,1.598378419876098633e-01,5.431054159998893738e-02,1.365382131189107895e-02,1.842345893383026123e-01,1.466768980026245117e-01,8.700543642044067383e-02,1.133158057928085327e-01,1.593730598688125610e-01,-1.192812323570251465e+00,-1.415398001670837402e+00,-1.175714850425720215e+00,-5.941261649131774902e-01,-3.085907399654388428e-01,-2.594471275806427002e-01
6.683719903230667114e-02,6.683719903230667114e-02,1.016309857368469238e-01,3.665821850299835205e-01,1.492779850959777832e-01,5.187835097312927246e-01,9.544753432273864746e-01,1.040253877639770508e+00,6.285583376884460449e-01,2.006714493036270142e-01,1.137668192386627197e-01,5.175194740295410156e-01,-1.499651074409484863e-01,-5.437442660331726074e-01,-4.988772571086883545e-01,-5.604264736175537109e-01,-3.286314010620117188e-01,-1.382005810737609863e-01,-6.593810319900512695e-01,-5.019794702529907227e-01,5.197279155254364014e-02,8.701219409704208374e-02,1.463653403334319592e-03,-2.226032689213752747e-02,2.993586473166942596e-02,3.172810673713684082e-01,1.398348063230514526e-01,1.054786518216133118e-01,3.762746155261993408e-01,2.600984275341033936e-01,-1.066222265362739563e-01,-1.914488524198532104e-01,-1.794732734560966492e-02,-1.108884438872337341e-01,-8.247901797294616699e-01,-1.834522604942321777e+00,-1.262297272682189941e+00,-4.798983037471771240e-01,-3.473185598850250244e-01,-3.333179056644439697e-01,-3.620620071887969971e-01,-4.154275637120008469e-03,-1.233938783407211304e-01,-6.012949347496032715e-01,-5.350454449653625488e-01,-5.187270641326904297e-01,-4.694085717201232910e-01,-3.446024954319000244e-01,-5.162661075592041016e-01,-6.396272182464599609e-01,-8.940932750701904297e-01,-2.089046001434326172e+00,-2.733391284942626953e+00,-2.872340440750122070e+00,-2.444647550582885742e+00,-2.712242126464843750e+00,-2.514793157577514648e+00,-1.463786005973815918e+00,-1.076563239097595215e+00,-1.107870787382125854e-01,-1.386497974395751953e+00,-1.213415503501892090e+00,-4.874952137470245361e-01,2.678768038749694824e-01,9.611233472824096680e-01,1.511452555656433105e+00,1.774690628051757812e+00,1.719809055328369141e+00,9.370777010917663574e-01,-3.955424726009368896e-01,-1.476206779479980469e+00,-1.067534685134887695e+00,-7.292389273643493652e-01,-7.122406363487243652e-01,-5.903373360633850098e-01,-4.278059601783752441e-01,-1.039350330829620361e-01,-1.266681849956512451e-01,1.316933482885360718e-01,-1.062564134597778320e+00,-1.869701966643333435e-02,8.500513434410095215e-01,1.164101600646972656e+00,9.706950187683105469e-01,6.251334547996520996e-01,-7.020274400711059570e-01,-8.655915260314941406e-01,-8.046719431877136230e-01,-2.441847473382949829e-01,4.644817709922790527e-01,1.190038084983825684e+00,1.559042334556579590e+00,1.771259069442749023e+00,1.953817129135131836e+00,1.604054689407348633e+00,6.787177324295043945e-01,-2.167293429374694824e-01,-4.847051799297332764e-01,-3.914798796176910400e-01,-1.065219193696975708e-01,6.684682369232177734e-01,9.558390974998474121e-01,7.215405702590942383e-01,1.424764633178710938e+00,2.690945625305175781e+00,1.748737573623657227e+00,2.209424674510955811e-01,9.291182756423950195e-01,2.105777025222778320e+00,3.010398626327514648e+00,2.889080524444580078e+00,2.379306316375732422e+00,1.864720940589904785e+00,7.414097785949707031e-01,9.213706851005554199e-02,-1.322546601295471191e-01,-2.240156233310699463e-01,-6.800346821546554565e-02,-2.666030228137969971e-01,-4.098227918148040771e-01,-1.732879877090454102e-01,-2.221677303314208984e-01,-1.553005576133728027e-01,-1.381548643112182617e-01,5.469871312379837036e-02,1.455158740282058716e-01,2.590789198875427246e-01,1.188402622938156128e-01,-1.056545507162809372e-02,1.411160826683044434e-01,3.035999834537506104e-01,1.870808303356170654e-01,2.974431812763214111e-01,1.841816157102584839e-01,-7.892237044870853424e-03,2.102629654109477997e-02,5.355053022503852844e-02,1.169466227293014526e-01,3.747209534049034119e-02,5.453009530901908875e-02,7.391121983528137207e-02,7.195020467042922974e-02,-6.452260613441467285e-01,-1.272794961929321289e+00,-9.544060230255126953e-01,-5.056201219558715820e-01,-1.278510391712188721e-01,7.305937260389328003e-02
5.584117174148559570e-01,5.584117174148559570e-01,4.788277149200439453e-01,3.858018815517425537e-01,6.170169115066528320e-01,5.573178529739379883e-01,1.896014362573623657e-01,4.766730666160583496e-01,1.176210522651672363e+00,1.228520870208740234e+00,6.352502703666687012e-01,2.234115749597549438e-01,5.026022791862487793e-01,1.650611311197280884e-01,4.175472855567932129e-01,1.149159312248229980e+00,1.603771209716796875e+00,1.337869286537170410e+00,1.685856580734252930e+00,1.647343993186950684e+00,1.257242560386657715e+00,1.336833596229553223e+00,1.515972018241882324e+00,1.288249135017395020e+00,1.049607753753662109e+00,1.087034702301025391e+00,1.158381104469299316e+00,1.384094357490539551e+00,9.912707805633544922e-01,1.042878508567810059e+00,6.913292407989501953e-01,2.140934914350509644e-01,2.157637327909469604e-01,-1.407012492418289185e-01,-8.061435818672180176e-01,-3.761714994907379150e-01,5.158172845840454102e-01,7.680525183677673340e-01,4.939230084419250488e-01,6.413487195968627930e-01,5.313357114791870117e-01,3.423334360122680664e-01,5.058000981807708740e-02,-6.504094600677490234e-02,8.268090486526489258e-01,8.739799261093139648e-01,6.594597697257995605e-01,5.740407109260559082e-01,4.749666452407836914e-01,2.716844379901885986e-01,6.803060770034790039e-01,1.156977295875549316e+00,7.321698069572448730e-01,1.041975259780883789e+00,8.809041976928710938e-01,4.004232585430145264e-02,-2.382743656635284424e-01,4.974415302276611328e-01,1.514678448438644409e-01,1.929570287466049194e-01,-9.607691168785095215e-01,-1.280829071998596191e+00,-1.645724534988403320e+00,-1.987913966178894043e+00,-2.835040330886840820e+00,-2.413372278213500977e+00,-2.050565004348754883e+00,-1.788080573081970215e+00,-1.253329157829284668e+00,-7.299995422363281250e-01,-1.038124442100524902e+00,-9.559375643730163574e-01,1.031706109642982483e-01,6.102104187011718750e-01,6.999478936195373535e-01,4.979306459426879883e-01,3.827893137931823730e-01,1.692986339330673218e-01,7.550025731325149536e-02,-7.560621500015258789e-01,9.565218091011047363e-01,1.518608927726745605e-01,-1.118049263954162598e+00,-2.195534467697143555e+00,-2.515707015991210938e+00,-1.663488984107971191e+00,-6.085685491561889648e-01,-4.964655935764312744e-01,-2.751623094081878662e-02,-1.058422207832336426e+00,-1.716373801231384277e+00,-2.070765972137451172e+00,-1.914166808128356934e+00,-1.715240597724914551e+00,-1.810527324676513672e+00,-1.929670214653015137e+00,-2.051035165786743164e+00,-2.111437082290649414e+00,-1.216148853302001953e+00,2.062613964080810547e-01,4.409163892269134521e-01,-3.213588520884513855e-02,-5.528070926666259766e-01,-1.098461508750915527e+00,-1.657842278480529785e+00,-9.762030839920043945e-01,-3.344600796699523926e-01,1.757235974073410034e-01,-9.423012733459472656e-01,-1.289616942405700684e+00,-7.644110321998596191e-01,-4.050663411617279053e-01,-1.003678083419799805e+00,-1.310585260391235352e+00,-8.649741411209106445e-01,-3.445597589015960693e-01,-3.401615917682647705e-01,7.859731465578079224e-02,-4.641092196106910706e-02,2.501413524150848389e-01,2.477883994579315186e-01,1.662888526916503906e-01,2.518180012702941895e-01,3.433929979801177979e-01,5.984361767768859863e-01,7.172394990921020508e-01,6.431432366371154785e-01,5.104119181632995605e-01,4.078251421451568604e-01,5.906019210815429688e-01,7.606624364852905273e-01,6.210211515426635742e-01,6.997452974319458008e-01,5.427565574645996094e-01,3.757346272468566895e-01,5.214929580688476562e-01,6.040396094322204590e-01,6.050542593002319336e-01,4.747096002101898193e-01,5.195541381835937500e-01,5.687100291252136230e-01,5.515161752700805664e-01,7.656506299972534180e-01,4.439263939857482910e-01,7.825433462858200073e-02,-1.866297870874404907e-01,4.742580652236938477e-01,5.826091766357421875e-01
3.280215859413146973e-01,3.280215859413146973e-01,4.564823508262634277e-01,5.351391434669494629e-01,3.916061818599700928e-01,-5.679482817649841309e-01,-1.757025837898254395e+00,-1.355166316032409668e+00,-6.688405275344848633e-01,-9.004442095756530762e-01,-8.248824477195739746e-01,-2.706543505191802979e-01,-2.101847529411315918e-01,-7.866981625556945801e-01,-7.268040180206298828e-01,-4.034303426742553711e-01,1.659641861915588379e-01,-3.005314767360687256e-01,-6.755760312080383301e-01,-6.663385629653930664e-01,-4.541910439729690552e-02,2.383808195590972900e-01,5.607803463935852051e-01,6.803427934646606445e-01,4.452764391899108887e-01,3.043609261512756348e-01,2.790346145629882812e-01,-3.849648311734199524e-02,-8.657151460647583008e-01,-4.831695258617401123e-01,-2.751336432993412018e-02,3.076248764991760254e-01,-1.122281402349472046e-01,-6.990854144096374512e-01,-3.623279631137847900e-01,3.491552770137786865e-01,1.389962792396545410e+00,1.229537606239318848e+00,8.380278944969177246e-01,1.129956007003784180e+00,8.622109889984130859e-01,4.658205807209014893e-01,-8.358318358659744263e-02,1.563796103000640869e-01,1.082010507583618164e+00,7.605309486389160156e-01,3.803816437721252441e-01,-2.944895029067993164e-01,-3.111265003681182861e-01,-2.176134735345840454e-01,-1.694594472646713257e-01,-9.128292798995971680e-01,-1.707701325416564941e+00,1.844729632139205933e-01,1.309067308902740479e-01,-1.486645042896270752e-01,-2.058514580130577087e-02,-1.831955552101135254e+00,-4.252858757972717285e-01,1.035619378089904785e+00,5.904290676116943359e-01,6.611471176147460938e-01,1.702108144760131836e+00,2.225175380706787109e+00,1.886954426765441895e+00,8.383668661117553711e-01,6.945838332176208496e-01,1.196217656135559082e+00,1.798959970474243164e+00,1.805084824562072754e+00,2.128382682800292969e+00,2.821008443832397461e+00,2.710998773574829102e+00,1.917303919792175293e+00,1.484588861465454102e+00,7.075248956680297852e-01,2.246885001659393311e-01,-2.507872581481933594e-01,-5.414913892745971680e-01,-9.620934128761291504e-01,-3.930534422397613525e-02,-9.941197633743286133e-01,-4.667049944400787354e-01,-5.808649063110351562e-01,-8.171652555465698242e-01,5.270020291209220886e-02,7.819790244102478027e-01,-7.332661151885986328e-01,-1.264343503862619400e-02,3.587524965405464172e-02,-1.480091691017150879e+00,-1.920230388641357422e+00,-1.634089589118957520e+00,-1.783309936523437500e+00,-1.755207300186157227e+00,-1.806893587112426758e+00,-2.196181535720825195e+00,-2.830808639526367188e+00,-1.932850837707519531e+00,-1.580639958381652832e+00,-1.465176463127136230e+00,-1.565331101417541504e+00,-1.312055587768554688e+00,-1.123050928115844727e+00,-1.330799937248229980e+00,-7.090094089508056641e-01,2.874548137187957764e-01,-6.965379118919372559e-01,-7.134001851081848145e-01,-4.265101850032806396e-01,-8.159134984016418457e-01,-7.625918388366699219e-01,5.456516146659851074e-01,1.837055087089538574e+00,1.056305885314941406e+00,-2.661599814891815186e-01,-7.004359364509582520e-01,-2.283551096916198730e-01,-2.002099528908729553e-02,1.992060691118240356e-01,-4.159361124038696289e-03,-1.240620911121368408e-01,1.062587946653366089e-01,3.542150855064392090e-01,4.298820495605468750e-01,4.706666171550750732e-01,2.827552556991577148e-01,1.530904471874237061e-01,1.509167551994323730e-01,3.528617322444915771e-01,4.557922482490539551e-01,2.809107601642608643e-01,3.175888657569885254e-01,1.880580335855484009e-01,9.247083216905593872e-02,3.132337331771850586e-01,3.838513493537902832e-01,3.711815178394317627e-01,2.358084172010421753e-01,2.626156508922576904e-01,3.645347356796264648e-01,3.632399439811706543e-01,1.703222155570983887e+00,2.035282850265502930e+00,1.055929422378540039e+00,-5.474555306136608124e-03,-1.481092274188995361e-01,-3.224537968635559082e-01
1.710748765617609024e-03,1.710748765617609024e-03,-1.795794516801834106e-01,-5.044591426849365234e-02,2.134877443313598633e-02,-1.614762097597122192e-01,-1.838876605033874512e-01,5.962225794792175293e-01,2.693870104849338531e-02,2.824272513389587402e-01,6.578379869461059570e-01,1.740490049123764038e-01,5.979597568511962891e-01,3.905923292040824890e-02,2.420198619365692139e-01,7.542560696601867676e-01,7.866314053535461426e-01,3.136313855648040771e-01,3.720714747905731201e-01,6.913050413131713867e-01,4.521185159683227539e-01,6.949169933795928955e-02,4.605009853839874268e-01,3.419815301895141602e-01,-1.539822842460125685e-04,-2.648698985576629639e-01,-8.838111162185668945e-01,-8.460744023323059082e-01,-2.185251861810684204e-01,-6.535857915878295898e-02,1.132429093122482300e-01,7.628712654113769531e-01,5.928444266319274902e-01,8.544321656227111816e-01,7.317520380020141602e-01,-5.098083019256591797e-01,1.415087699890136719e+00,6.767967343330383301e-01,-8.668305277824401855e-01,-3.046535551548004150e-01,7.061780244112014771e-02,8.586023002862930298e-02,-3.966677188873291016e-01,1.200147271156311035e+00,2.153779029846191406e+00,1.862115859985351562e+00,9.420092701911926270e-01,1.157621622085571289e+00,1.322976469993591309e+00,4.273449778556823730e-01,-1.039697304368019104e-01,5.348159074783325195e-01,1.262695431709289551e+00,1.181558370590209961e+00,1.153491139411926270e+00,6.713560819625854492e-01,9.721931070089340210e-02,2.112491130828857422e-01,3.576837182044982910e-01,4.668777883052825928e-01,7.777181267738342285e-01,2.038423776626586914e+00,1.560163855552673340e+00,1.278287410736083984e+00,-6.229585409164428711e-02,-1.310072064399719238e+00,-1.466133713722229004e+00,-9.699155688285827637e-01,-9.372046589851379395e-01,-1.601928591728210449e+00,-7.532732486724853516e-01,-1.679304957389831543e+00,-1.685431480407714844e+00,-1.857906460762023926e+00,-4.140170216560363770e-01,-3.584364652633666992e-01,-1.012793064117431641e+00,-1.335803747177124023e+00,-9.588518738746643066e-01,-9.759190082550048828e-01,-8.096265792846679688e-01,6.942597031593322754e-01,1.048782825469970703e+00,8.220297098159790039e-01,1.546957969665527344e+00,-1.070140004158020020e+00,-2.721776247024536133e+00,-1.635057330131530762e+00,-3.647750914096832275e-01,1.503978967666625977e+00,9.193902015686035156e-01,1.201069712638854980e+00,1.430249452590942383e+00,1.176075577735900879e+00,1.555187344551086426e+00,1.506980061531066895e+00,9.966649413108825684e-01,8.499948978424072266e-01,-3.402391970157623291e-01,5.573808550834655762e-01,3.679701685905456543e-01,-2.599496245384216309e-01,-1.442058235406875610e-01,9.041942358016967773e-01,1.129028439521789551e+00,-1.183318495750427246e+00,-2.732532262802124023e+00,-3.290682792663574219e+00,-1.143796324729919434e+00,-9.121565222740173340e-01,-1.764708399772644043e+00,-1.754273176193237305e+00,1.691720932722091675e-01,-7.682758569717407227e-01,-1.565316796302795410e+00,-9.655012488365173340e-01,-2.185351252555847168e-01,-3.890493810176849365e-01,-5.752208232879638672e-01,-6.329612135887145996e-01,-6.053811311721801758e-01,-5.328920483589172363e-01,-4.679009318351745605e-01,-3.416929766535758972e-02,5.834700167179107666e-02,-5.234447866678237915e-02,-2.704050242900848389e-01,-4.176634550094604492e-01,-2.885057330131530762e-01,-2.803367376327514648e-02,-3.027352876961231232e-02,-2.747870981693267822e-01,-2.771750688552856445e-01,-2.445089221000671387e-01,-2.138920724391937256e-01,-3.286384046077728271e-02,-1.113431751728057861e-01,-1.107055414468050003e-02,-4.447146505117416382e-02,-1.032740920782089233e-01,7.578671723604202271e-02,1.128186881542205811e-01,2.095595598220825195e+00,1.835914134979248047e+00,9.323339462280273438e-01,-5.118630528450012207e-01,-2.047499656677246094e+00,-2.076657772064208984e+00
3.522635698318481445e-01,3.522635698318481445e-01,4.344862103462219238e-01,4.901578128337860107e-01,3.549918532371520996e-01,4.968372881412506104e-01,6.211879849433898926e-01,6.168329119682312012e-01,2.815814614295959473e-01,5.354805588722229004e-01,2.285192608833312988e-01,-3.079165816307067871e-01,6.762815266847610474e-02,3.262559175491333008e-01,2.152691185474395752e-01,3.762703239917755127e-01,1.050124224275350571e-02,-2.562690377235412598e-01,-1.034562289714813232e-02,-2.546027489006519318e-02,-5.255728960037231445e-01,-7.941259145736694336e-01,-4.473890364170074463e-01,-3.960286974906921387e-01,-5.040436387062072754e-01,8.201423287391662598e-02,2.676527798175811768e-01,3.407442569732666016e-01,5.230411514639854431e-02,-8.390338420867919922e-01,-7.963668107986450195e-01,-1.771070659160614014e-01,1.170919761061668396e-01,-9.064767509698867798e-02,-9.217362403869628906e-01,-5.568717122077941895e-01,-3.421337306499481201e-01,-8.884690999984741211e-01,-1.674444556236267090e+00,-2.061614036560058594e+00,-1.552096724510192871e+00,-4.447338581085205078e-01,-4.648939147591590881e-02,1.685028225183486938e-01,-9.782028198242187500e-01,-8.824842572212219238e-01,-1.619073271751403809e+00,-1.023411393165588379e+00,-8.803260922431945801e-01,-1.047292351722717285e+00,-1.106108903884887695e+00,-8.545619845390319824e-01,1.199901342391967773e+00,1.532635569572448730e+00,1.341794252395629883e+00,2.099682539701461792e-01,1.953754574060440063e-01,4.213934540748596191e-01,-5.674302577972412109e-01,-3.888497054576873779e-01,-2.499067932367324829e-01,-1.040746197104454041e-01,-7.819853723049163818e-02,-1.223432779312133789e+00,-2.084216356277465820e+00,-1.600108623504638672e+00,-1.550837993621826172e+00,-2.074287652969360352e+00,-1.344522237777709961e+00,-1.129403591156005859e+00,-1.423432469367980957e+00,-1.316883206367492676e+00,-5.950481891632080078e-01,-1.167188882827758789e+00,-6.524623036384582520e-01,-5.017203688621520996e-01,-9.089866280555725098e-01,-8.838496208190917969e-01,-4.061340093612670898e-01,1.346438229084014893e-01,-4.008549153804779053e-01,-4.590743780136108398e-01,-2.971726357936859131e-01,-3.389887884259223938e-02,4.364114403724670410e-01,1.097615480422973633e+00,1.046979904174804688e+00,-4.555675089359283447e-01,-6.158427521586418152e-02,2.041795730590820312e+00,7.410135269165039062e-01,1.370232105255126953e+00,1.715763688087463379e+00,1.695062637329101562e+00,2.285987377166748047e+00,3.001373291015625000e+00,3.348303079605102539e+00,2.880321979522705078e+00,1.704454421997070312e+00,1.446070671081542969e+00,1.261356830596923828e+00,6.539222598075866699e-01,-6.869782209396362305e-01,-1.606390118598937988e+00,-7.869477868080139160e-01,1.129565238952636719e+00,3.433410167694091797e+00,2.930130958557128906e+00,7.316455841064453125e-01,2.773948013782501221e-01,-9.389232844114303589e-02,-9.595415592193603516e-01,-1.086191773414611816e+00,-6.900825500488281250e-01,-7.649470567703247070e-01,-4.205410368740558624e-03,2.647756934165954590e-01,-1.611336618661880493e-01,-4.407476782798767090e-01,-6.280376911163330078e-01,-3.489310443401336670e-01,-1.278685480356216431e-01,-3.233103454113006592e-01,-1.644322276115417480e-01,2.824554443359375000e-01,1.890987306833267212e-01,6.258664280176162720e-02,-6.855757907032966614e-03,4.228423908352851868e-02,2.126779258251190186e-01,2.136806696653366089e-01,6.546670198440551758e-02,5.525235459208488464e-02,2.198269665241241455e-01,3.008255660533905029e-01,2.847602665424346924e-01,1.199411153793334961e-01,2.830667793750762939e-01,3.694236278533935547e-01,2.765723168849945068e-01,3.849992752075195312e-01,4.040115475654602051e-01,8.645883202552795410e-01,4.526964724063873291e-01,4.615680277347564697e-01,1.930964142084121704e-01,-1.378240436315536499e-01,-2.921311184763908386e-02
8.942026495933532715e-01,8.942026495933532715e-01,8.666368126869201660e-01,6.699500083923339844e-01,8.579420447349548340e-01,1.164710745215415955e-01,-1.151735559105873108e-01,-6.673228740692138672e-01,-4.756461381912231445e-01,-7.522134184837341309e-01,-6.401534676551818848e-01,-1.312411129474639893e-01,8.327990174293518066e-01,1.114173531532287598e+00,8.611348867416381836e-01,6.157104969024658203e-01,-1.161326020956039429e-01,2.109322696924209595e-01,1.130673527717590332e+00,1.010985016822814941e+00,6.488505601882934570e-01,4.016109704971313477e-01,4.481129348278045654e-01,7.100654244422912598e-01,1.352670311927795410e+00,1.622446298599243164e+00,1.184086799621582031e+00,4.074495434761047363e-01,8.457951545715332031e-01,3.463312983512878418e-01,5.714983940124511719e-01,1.287367939949035645e+00,6.943071484565734863e-01,-1.231913805007934570e+00,-1.593694925308227539e+00,-7.839298248291015625e-01,-9.382899999618530273e-01,-1.197195887565612793e+00,-1.221449494361877441e+00,-1.896307587623596191e+00,-1.622993230819702148e+00,-3.221437633037567139e-01,4.507545232772827148e-01,4.299635887145996094e-01,2.350008487701416016e-01,-1.427980363368988037e-01,-6.751845479011535645e-01,-3.726899921894073486e-01,-5.226230621337890625e-01,-9.015409946441650391e-01,-1.266405224800109863e+00,-7.689471840858459473e-01,-6.808301210403442383e-01,-1.465600967407226562e+00,-2.097839713096618652e-01,-5.576909184455871582e-01,-5.401125550270080566e-01,1.111128687858581543e+00,9.019271731376647949e-01,2.698241174221038818e-01,7.372573018074035645e-01,1.244887828826904297e+00,5.342503190040588379e-01,-1.714686453342437744e-01,-3.721656799316406250e-01,-2.780859172344207764e-01,-1.579648256301879883e-01,2.885973826050758362e-02,8.315484523773193359e-01,1.180388927459716797e+00,-3.960446640849113464e-02,9.606844782829284668e-01,3.436038196086883545e-01,2.861393690109252930e-01,7.765085697174072266e-01,5.155138969421386719e-01,1.048271879553794861e-01,9.438166022300720215e-02,-6.055028736591339111e-02,1.158458963036537170e-01,9.075549840927124023e-01,7.493137121200561523e-01,1.752414703369140625e-01,2.949894070625305176e-01,2.071375697851181030e-01,-6.222820878028869629e-01,-2.753729522228240967e-01,-2.303206920623779297e-01,4.839100539684295654e-01,1.070134162902832031e+00,-1.587387442588806152e+00,-3.024193763732910156e+00,-3.198569059371948242e+00,-2.701062917709350586e+00,-2.980138540267944336e+00,-3.810677051544189453e+00,-3.122704029083251953e+00,-6.852676272392272949e-01,9.104492664337158203e-01,-8.931478857994079590e-01,-6.055266857147216797e-01,-6.756797432899475098e-02,7.428770065307617188e-01,6.098421216011047363e-01,-2.011583000421524048e-01,-5.532906055450439453e-01,7.217976450920104980e-02,2.684504091739654541e-01,-6.408483982086181641e-01,-1.033272147178649902e+00,-1.605939388275146484e+00,-1.717034220695495605e+00,-1.251983761787414551e+00,-1.095304250717163086e+00,-6.383081674575805664e-01,-1.365435402840375900e-02,-6.963335443288087845e-03,-2.850140333175659180e-01,-7.274115830659866333e-02,-3.167572915554046631e-01,6.580884009599685669e-02,6.154015660285949707e-02,-1.950385421514511108e-01,-1.261418610811233521e-01,7.814605236053466797e-01,7.415475845336914062e-01,4.917975068092346191e-01,4.578782320022583008e-01,3.654176294803619385e-01,5.600497722625732422e-01,6.821364760398864746e-01,5.334697961807250977e-01,5.228179693222045898e-01,7.701596617698669434e-01,8.517092466354370117e-01,7.766744494438171387e-01,5.917235612869262695e-01,7.970337867736816406e-01,9.094341993331909180e-01,7.901290655136108398e-01,8.767206668853759766e-01,8.643645644187927246e-01,4.117051064968109131e-01,8.067411184310913086e-01,6.927587389945983887e-01,8.079325556755065918e-01,1.396081924438476562e+00,1.598641514778137207e+00
6.818662881851196289e-01,6.818662881851196289e-01,6.279169917106628418e-01,7.424854636192321777e-01,6.076906323432922363e-01,1.008075997233390808e-01,7.256977558135986328e-01,9.442980885505676270e-01,7.290068864822387695e-01,1.610447913408279419e-01,-4.433603882789611816e-01,-5.628200769424438477e-01,1.341272443532943726e-01,-2.233657687902450562e-01,-3.604256510734558105e-01,8.452173322439193726e-03,7.710712552070617676e-01,1.097253799438476562e+00,3.812912404537200928e-01,2.530575394630432129e-01,2.705288864672183990e-02,-4.108214378356933594e-01,1.091417819261550903e-01,-3.843550803139805794e-03,-6.760708987712860107e-03,2.033066935837268829e-02,7.041577994823455811e-02,-2.762224972248077393e-01,-8.817263692617416382e-02,2.747284471988677979e-01,1.523282080888748169e-01,2.549796998500823975e-01,2.227832823991775513e-01,-1.150695919990539551e+00,-1.069442749023437500e+00,-4.731232225894927979e-01,5.819675922393798828e-01,6.342380046844482422e-01,8.648913502693176270e-01,1.469816923141479492e+00,1.512085199356079102e+00,5.239810943603515625e-01,3.881237208843231201e-01,1.675933152437210083e-01,1.022303104400634766e+00,8.557831048965454102e-01,9.294346570968627930e-01,6.861572265625000000e-01,7.722409367561340332e-01,9.041159749031066895e-01,9.897537231445312500e-01,2.055521011352539062e-01,1.440429210662841797e+00,2.589707851409912109e+00,-2.092712968587875366e-01,-3.871880471706390381e-01,8.818239569664001465e-01,1.106807112693786621e+00,9.154284596443176270e-01,1.079799890518188477e+00,1.904964447021484375e+00,1.221002817153930664e+00,2.733150124549865723e-01,-8.320167660713195801e-01,-7.403438687324523926e-01,-5.498127639293670654e-02,3.219325840473175049e-01,6.841410994529724121e-01,2.758566141128540039e-01,-3.281958699226379395e-01,-3.590582311153411865e-01,9.305878877639770508e-01,1.161329746246337891e+00,9.782997965812683105e-01,4.219778180122375488e-01,1.076158046722412109e+00,9.064232707023620605e-01,1.036527633666992188e+00,2.380033135414123535e-01,-5.038733482360839844e-01,4.923736453056335449e-01,-7.402882575988769531e-01,-2.656171321868896484e+00,-3.510001897811889648e+00,-2.466152906417846680e+00,-4.484588503837585449e-01,3.930535912513732910e-02,-6.816406250000000000e-01,6.274231076240539551e-01,-1.556093096733093262e+00,-2.129448413848876953e+00,-1.475922584533691406e+00,-3.130389153957366943e-01,8.211909532546997070e-01,8.691468238830566406e-01,7.118943333625793457e-01,-4.205551445484161377e-01,-1.054632782936096191e+00,-4.835561811923980713e-01,-1.322432994842529297e+00,-2.378170013427734375e+00,-2.608498096466064453e+00,-2.053211927413940430e+00,-1.357782483100891113e+00,-1.097854018211364746e+00,-1.453418016433715820e+00,-2.637690067291259766e+00,-1.319350242614746094e+00,2.704337537288665771e-01,-1.875359266996383667e-01,-5.918005108833312988e-01,-1.420217394828796387e+00,-2.040784597396850586e+00,-2.694795370101928711e+00,-2.315280199050903320e+00,-1.181227341294288635e-01,-1.104073524475097656e-01,-4.984678924083709717e-01,-2.857868075370788574e-01,-6.712730508297681808e-03,3.546667993068695068e-01,-2.092077881097793579e-01,-6.474185585975646973e-01,-4.249974191188812256e-01,6.316779851913452148e-01,6.863144040107727051e-01,2.178456634283065796e-01,2.392406910657882690e-01,-5.464891437441110611e-03,1.856693327426910400e-01,4.858788847923278809e-01,3.433211147785186768e-01,3.198520839214324951e-01,5.155033469200134277e-01,5.289230346679687500e-01,5.474913120269775391e-01,5.215930938720703125e-01,6.373659372329711914e-01,6.292577385902404785e-01,5.333284735679626465e-01,5.774401426315307617e-01,5.482022762298583984e-01,-3.596845865249633789e-01,-1.959556788206100464e-01,-5.044181942939758301e-01,-4.122252166271209717e-01,6.397741436958312988e-01,9.702713489532470703e-01
-1.101097762584686279e-01,-1.101097762584686279e-01,1.830995641648769379e-02,3.757254034280776978e-02,-1.973838508129119873e-01,1.364216059446334839e-01,5.782792568206787109e-01,7.937706112861633301e-01,-8.548801392316818237e-02,-2.064638137817382812e+00,-1.576100826263427734e+00,-4.551023840904235840e-01,6.469798833131790161e-02,8.300704360008239746e-01,6.046686172485351562e-01,7.916980236768722534e-02,-2.917090952396392822e-01,-7.322809100151062012e-01,4.521027207374572754e-02,2.246045507490634918e-02,-1.612095385789871216e-01,-2.318592965602874756e-01,6.501545906066894531e-01,3.486063182353973389e-01,4.826991856098175049e-01,7.124314904212951660e-01,4.358280003070831299e-01,3.944706618785858154e-01,2.830094397068023682e-01,2.390193045139312744e-01,5.949226617813110352e-01,3.027268350124359131e-01,1.768503934144973755e-01,1.098415374755859375e+00,2.133727788925170898e+00,1.966015458106994629e+00,5.344672799110412598e-01,1.330028176307678223e+00,1.831012487411499023e+00,1.513356328010559082e+00,5.813295245170593262e-01,-2.237019315361976624e-02,-5.878763198852539062e-01,-1.262979149818420410e+00,7.076156884431838989e-02,-1.364415585994720459e-01,1.842472404241561890e-01,2.643758058547973633e-01,6.674838662147521973e-01,6.253922581672668457e-01,1.043972373008728027e+00,9.059854745864868164e-01,-4.606941044330596924e-01,1.992439031600952148e-01,3.307825922966003418e-01,-1.867053061723709106e-01,-4.917761981487274170e-01,6.572733819484710693e-02,-1.652675569057464600e-01,9.744294881820678711e-01,1.193506360054016113e+00,1.137820720672607422e+00,-1.103377342224121094e-01,-4.765260517597198486e-01,-2.540712952613830566e-01,-1.283359408378601074e+00,-1.820438623428344727e+00,-2.104627370834350586e+00,-2.671862363815307617e+00,-3.387568235397338867e+00,-1.887511134147644043e+00,-2.254760742187500000e+00,-2.000534534454345703e+00,-5.274190306663513184e-01,-1.137569665908813477e+00,-1.716546118259429932e-01,7.696744054555892944e-02,3.246635794639587402e-01,-9.313520789146423340e-02,-7.272455096244812012e-01,-1.366623878479003906e+00,-1.664674520492553711e+00,-1.026473939418792725e-01,4.315597116947174072e-01,-6.700521707534790039e-01,-3.784619271755218506e-01,7.642395794391632080e-02,-6.833207607269287109e-01,-9.695024043321609497e-02,-1.352156758308410645e+00,1.114005088806152344e+00,1.793991923332214355e+00,1.338834404945373535e+00,6.247006058692932129e-01,5.849635004997253418e-01,9.583511352539062500e-01,1.278919935226440430e+00,1.419273614883422852e-01,-1.064136028289794922e-01,1.175117969512939453e+00,3.470430374145507812e+00,2.375631093978881836e+00,4.541335999965667725e-01,-8.247517943382263184e-01,-4.690407216548919678e-01,1.037678360939025879e+00,2.602747440338134766e+00,3.251487016677856445e+00,1.240972042083740234e+00,3.194651603698730469e-01,4.646043106913566589e-02,-2.093961387872695923e-01,-4.469748437404632568e-01,-1.855131983757019043e-01,-1.720389723777770996e-01,1.682745814323425293e-01,-5.619029328227043152e-02,-4.998281598091125488e-01,-6.950021386146545410e-01,-3.347958326339721680e-01,-6.615755707025527954e-02,-4.099004864692687988e-01,-1.186718106269836426e+00,-7.832129597663879395e-01,-3.221112117171287537e-02,4.131513833999633789e-02,-4.633839726448059082e-01,-4.160632193088531494e-01,-6.051064133644104004e-01,-4.863258004188537598e-01,-1.578057259321212769e-01,-2.665959298610687256e-01,-3.134535253047943115e-01,-3.250136375427246094e-01,-4.150868058204650879e-01,-2.156217098236083984e-01,2.228982932865619659e-02,-4.530145227909088135e-02,-2.511046230792999268e-01,-2.650051116943359375e-01,-2.663667798042297363e-01,-2.449427247047424316e-01,-8.003062605857849121e-01,-1.269170284271240234e+00,-8.093541860580444336e-01,-5.568847060203552246e-01,-6.538987904787063599e-02,-1.647023707628250122e-01
5.610426068305969238e-01,5.610426068305969238e-01,4.441432058811187744e-01,1.786026209592819214e-01,4.681778848171234131e-01,2.463272362947463989e-01,4.081861972808837891e-01,-2.023676782846450806e-02,-8.283449709415435791e-02,-2.512579783797264099e-02,-5.835410207509994507e-03,2.876920700073242188e-01,5.250550508499145508e-01,5.742939710617065430e-01,5.832916498184204102e-01,4.588355422019958496e-01,3.208213448524475098e-01,3.034448921680450439e-01,6.235683560371398926e-01,6.908828616142272949e-01,6.142001152038574219e-01,6.572805643081665039e-01,1.127427518367767334e-01,-1.694039851427078247e-01,2.607219517230987549e-01,1.170108914375305176e+00,9.955688714981079102e-01,7.414509356021881104e-02,-1.202668473124504089e-01,-2.243391275405883789e-01,1.550631970167160034e-01,-8.609944581985473633e-02,-1.691533029079437256e-01,-2.953731119632720947e-01,-9.641260257922112942e-04,8.423755168914794922e-01,1.084074139595031738e+00,1.101915121078491211e+00,1.421696662902832031e+00,2.692302167415618896e-01,-7.124680876731872559e-01,-5.227911472320556641e-02,-1.257518529891967773e-01,-1.296260356903076172e+00,-1.168546319007873535e+00,-1.851869106292724609e+00,-2.449990510940551758e+00,-1.941522717475891113e+00,-2.032569646835327148e+00,-2.090960502624511719e+00,-1.349971890449523926e+00,-2.019725322723388672e+00,-2.854703664779663086e+00,-1.957258462905883789e+00,7.528033107519149780e-03,-5.545621514320373535e-01,-1.568757534027099609e+00,-1.486901491880416870e-01,6.780660152435302734e-01,5.674902796745300293e-01,-6.869671344757080078e-01,-1.464393615722656250e+00,-2.759945392608642578e-01,5.823490023612976074e-01,1.543869853019714355e+00,1.374048233032226562e+00,1.302858829498291016e+00,1.499900817871093750e+00,1.876772880554199219e+00,2.538370847702026367e+00,2.105485439300537109e+00,-4.568770527839660645e-01,-9.610999226570129395e-01,2.259360849857330322e-01,4.003134071826934814e-01,1.690789163112640381e-01,4.097422063350677490e-01,4.907248616218566895e-01,5.591341257095336914e-01,4.520485997200012207e-01,-5.889397859573364258e-01,3.881727457046508789e-01,5.269724726676940918e-01,3.525056838989257812e-01,9.173566699028015137e-01,2.187315523624420166e-01,-5.092948079109191895e-01,-1.252081692218780518e-01,2.230059951543807983e-01,-1.505275964736938477e+00,-1.987190008163452148e+00,-2.613758325576782227e+00,-2.968908548355102539e+00,-1.871455669403076172e+00,-1.617112994194030762e+00,-2.259390830993652344e+00,-2.149163722991943359e+00,-7.777234911918640137e-01,7.279574275016784668e-01,1.393072307109832764e-01,-1.292907476425170898e+00,-5.569375157356262207e-01,4.106393754482269287e-01,6.272363066673278809e-01,3.099690191447734833e-02,-3.877660334110260010e-01,-8.095892667770385742e-01,-1.445226430892944336e+00,-1.317842602729797363e+00,-1.054761648178100586e+00,-7.118412256240844727e-01,-4.340089559555053711e-01,2.707452774047851562e-01,8.361585736274719238e-01,9.224260449409484863e-01,3.064486086368560791e-01,4.908523857593536377e-01,3.815865516662597656e-01,4.935177862644195557e-01,2.230792790651321411e-01,4.172625243663787842e-01,6.633750200271606445e-01,1.866461783647537231e-01,4.413729608058929443e-01,7.189169526100158691e-01,6.606314778327941895e-01,4.444823861122131348e-01,4.411185681819915771e-01,4.810640513896942139e-01,5.248470902442932129e-01,6.492118835449218750e-01,5.905692577362060547e-01,5.480741262435913086e-01,4.092879295349121094e-01,2.954987287521362305e-01,4.841866791248321533e-01,7.498388290405273438e-01,6.419805288314819336e-01,4.307130277156829834e-01,4.833539724349975586e-01,4.791893362998962402e-01,5.520257353782653809e-01,5.223333239555358887e-01,9.195704460144042969e-01,8.802016973495483398e-01,5.118860006332397461e-01,4.058937728404998779e-01,4.056761860847473145e-01
-8.551689982414245605e-02,-8.551689982414245605e-02,7.059244811534881592e-02,2.606765031814575195e-01,-2.012820392847061157e-01,-7.764132618904113770e-01,-7.318310141563415527e-01,-6.881756186485290527e-01,-6.023704409599304199e-01,-7.088955640792846680e-01,-3.612651526927947998e-01,-7.802040129899978638e-02,-7.890747487545013428e-02,-6.020845174789428711e-01,-4.889621958136558533e-02,4.933036863803863525e-01,6.440196037292480469e-01,2.411027401685714722e-01,8.844038844108581543e-01,7.534210085868835449e-01,6.117672324180603027e-01,1.305055975914001465e+00,1.510698646306991577e-01,-8.800434321165084839e-02,3.936432301998138428e-01,3.001583814620971680e-01,3.095540404319763184e-01,8.187282085418701172e-01,7.439889907836914062e-01,8.133415579795837402e-01,1.023305296897888184e+00,7.483624219894409180e-01,1.887290179729461670e-01,-8.288620114326477051e-01,-1.640007019042968750e+00,-8.781519532203674316e-01,-6.537206768989562988e-01,-9.813945293426513672e-01,1.221283376216888428e-01,-4.347123205661773682e-01,-8.619609475135803223e-01,-9.076064825057983398e-01,-9.952778220176696777e-01,-1.279165387153625488e+00,-1.592341661453247070e+00,-2.480157852172851562e+00,-2.138658046722412109e+00,-8.321453928947448730e-01,-8.393082618713378906e-01,-2.250364869832992554e-01,4.295471608638763428e-01,-2.859279513359069824e-01,1.558498740196228027e-01,-5.950446128845214844e-01,-1.802405476570129395e+00,-7.438316345214843750e-01,2.275260910391807556e-02,-7.632967233657836914e-01,1.439673900604248047e+00,2.614210367202758789e+00,1.705697417259216309e+00,2.222468107938766479e-01,-1.468640565872192383e+00,-8.477771282196044922e-01,5.570021271705627441e-01,1.282463788986206055e+00,1.737451314926147461e+00,1.418813109397888184e+00,1.151137232780456543e+00,1.658648967742919922e+00,1.315403461456298828e+00,2.114129543304443359e+00,9.391109347343444824e-01,-3.141296505928039551e-01,3.021201193332672119e-01,-2.071432322263717651e-01,-2.008114606142044067e-01,-5.721998959779739380e-02,1.395115554332733154e-01,4.063899219036102295e-01,-1.532548308372497559e+00,-1.108836054801940918e+00,-1.418084740638732910e+00,-2.348898172378540039e+00,-1.735954403877258301e+00,4.926038384437561035e-01,2.870229184627532959e-01,-1.004667162895202637e+00,-3.392071127891540527e-01,-8.391710519790649414e-01,-1.638069272041320801e+00,-1.022459745407104492e+00,-1.119523942470550537e-01,3.342879712581634521e-01,9.282110929489135742e-01,2.211823701858520508e+00,2.634386539459228516e+00,2.025146961212158203e+00,9.781926274299621582e-01,9.628559947013854980e-01,-1.241743564605712891e+00,-2.101962089538574219e+00,-2.361814975738525391e+00,-1.165314793586730957e+00,-4.744535684585571289e-02,-3.697995245456695557e-01,-1.517955303192138672e+00,-4.571771323680877686e-01,1.569818258285522461e+00,1.578856945037841797e+00,1.933787345886230469e+00,1.373435974121093750e+00,9.717026352882385254e-01,1.408663630485534668e+00,1.164298295974731445e+00,6.998186707496643066e-01,9.690457023680210114e-03,-3.549760282039642334e-01,-5.412515252828598022e-02,-3.322667479515075684e-01,3.937989473342895508e-03,1.176800355315208435e-01,-1.593082249164581299e-01,1.682957559823989868e-01,2.436690330505371094e-01,-5.712535232305526733e-02,-7.475493848323822021e-02,-1.872771531343460083e-01,9.921623021364212036e-02,1.735698282718658447e-01,1.402566134929656982e-01,6.602861732244491577e-02,1.474360190331935883e-02,-2.138396501541137695e-01,-3.877195715904235840e-01,-2.518935203552246094e-01,4.667132720351219177e-02,-2.501456066966056824e-02,-2.503484487533569336e-01,-1.092689260840415955e-01,-7.755714654922485352e-02,5.656807497143745422e-02,1.726346462965011597e-01,1.148237824440002441e+00,1.097827911376953125e+00,3.682035803794860840e-01,-6.354347467422485352e-01,-4.457710087299346924e-01
